,recency,recency,recency,frequency,frequency,frequency,monetary,monetary,monetary
,mean,median,count,mean,median,count,mean,median,count
cluster,,,,,,,,,
0,-0.27448845,-0.30940682,9150,-0.1408979,-0.18084954,9150,-0.11460648,-0.13611442,9150
1,3.2622056,3.1748135,702,0.6753015,0.3138155,702,0.41935557,0.18661037,702
2,1.2668679,0.95027286,16,16.977844,15.648432,16,17.175596,15.197182,16
3,1.5244789,1.2584922,132,4.11749,3.7764707,132,3.6322117,2.935812,132
