,recency,recency,recency,frequency,frequency,frequency,monetary,monetary,monetary
,mean,median,count,mean,median,count,mean,median,count
cluster,,,,,,,,,
0,-0.27455497,-0.30940682,9149,-0.14110981,-0.18084954,9149,-0.114840455,-0.13611442,9149
1,3.2715847,3.2016153,696,0.65709597,0.3138155,696,0.41154218,0.1833744,696
2,1.0828707,0.8430661,19,15.726537,12.185777,19,13.087374,12.537473,19
3,1.5643295,1.2718931,135,3.8094487,3.7764707,135,3.4058948,2.7871826,135
4,3.1212103,3.1212103,1,20.595081,20.595081,1,55.785828,55.785828,1
