,recency,recency,recency,frequency,frequency,frequency,monetary,monetary,monetary
,mean,median,count,mean,median,count,mean,median,count
cluster,,,,,,,,,
0,-0.30337787,-0.30940682,8891,-0.16911022,-0.18084954,8891,-0.13114071,-0.13611442,8891
1,1.0842813,0.7894627,16,16.761429,15.648432,16,13.856478,13.667713,16
2,3.8513143,3.8180542,498,0.63663906,0.3138155,498,0.4509565,0.17799185,498
3,1.5641894,1.2718931,85,4.7774405,4.2711363,85,4.473597,3.822963,85
4,1.2297688,1.2450914,509,0.9659181,0.80848056,509,0.5572697,0.30112857,509
5,3.1212103,3.1212103,1,20.595081,20.595081,1,55.785828,55.785828,1
